section_num,court_name,judge_name,phone,email,site_url,address,work_schedule
1,Судебный участок мирового судьи № 1 Автозаводского судебного района г.Н.Новгорода,Марков Сергей Андреевич,+7 831 261-01-47,avtoz_1@msud.nnov.ru,http://avtoz1.nnov.msudrf.ru,"Ватутина ул., д. 10-а г. Н.Новгород, 603950","8.00-17.00, обед 13.00-14.00"
2,Судебный участок мирового судьи № 2 Автозаводского судебного района г.Н.Новгорода,Ефремова Татьяна Евгеньевна,+7 831 261-01-48,avtoz_2@msud.nnov.ru,http://avtoz2.nnov.msudrf.ru,"Ватутина ул., д. 10-а г. Н.Новгород, 603950","8.00-17.00, обед 13.00-14.00"
3,Судебный участок мирового судьи № 3 Автозаводского судебного района г.Н.Новгорода,Шикина Анна Владимировна,+7 831 261-01-49,avtoz_3@msud.nnov.ru,http://avtoz3.nnov.msudrf.ru,"Ватутина ул., д. 10-а г. Н.Новгород, 603950","8.00-17.00, обед 13.00-14.00"
4,Судебный участок мирового судьи № 4 Автозаводского судебного района г.Н.Новгорода,Самсонова Наталья Александровна,+7 831 261-01-52,avtoz_4@msud.nnov.ru,http://avtoz4.nnov.msudrf.ru,"Ватутина ул., д. 10-а г. Н.Новгород, 603950","8.00-17.00, обед 13.00-14.00"
5,Судебный участок мирового судьи № 5 Автозаводского судебного района г.Н.Новгорода,Ульянов Алексей Валерьевич,+7 831 261-01-53,avtoz_5@msud.nnov.ru,http://avtoz5.nnov.msudrf.ru,"Ватутина ул., д. 10-а г. Н.Новгород, 603950","8.00-17.00, обед 13.00-14.00"
6,Судебный участок мирового судьи № 6 Автозаводского судебного района г.Н.Новгорода,Полякова Алла Леонидовна,+7 831 261-01-54,avtoz_6@msud.nnov.ru,http://avtoz6.nnov.msudrf.ru,"Ватутина ул., д. 10-а г. Н.Новгород, 603950","8.00-17.00, обед 13.00-14.00"
7,Судебный участок мирового судьи № 7 Автозаводского судебного района г.Н.Новгорода,Воронцов Денис Владимирович,+7 831 269-06-67,avtoz_7@msud.nnov.ru,http://avtoz7.nnov.msudrf.ru,"Ватутина ул., д.6-а г.Н.Новгород, 603950","8.00-17.00, обед 13.00-14.00"
8,Судебный участок мирового судьи № 8 Автозаводского судебного района г.Н.Новгорода,Зайцев Сергей Алексеевич,+7 831 269-06-71,avtoz_8@msud.nnov.ru,http://avtoz8.nnov.msudrf.ru,"Ватутина ул., д.6-а г.Н.Новгород, 603950","8.00-17.00, обед 13.00-14.00"
9,Судебный участок мирового судьи № 9 Автозаводского судебного района г.Н.Новгорода,Вавилова Ольга Федоровна,+7 831 269-06-62,avtoz_9@msud.nnov.ru,http://avtoz9.nnov.msudrf.ru,"Ватутина ул., д.6-а г.Н.Новгород, 603950","8.00-17.00, обед 13.00-14.00"
10,Судебный участок мирового судьи № 10 Автозаводского судебного  района г.Н.Новгорода,Жуков Роман Григорьевич,+7 831 269-06-75,avtoz_10@msud.nnov.ru,http://avtoz10.nnov.msudrf.ru,"Ватутина ул., д.6-а г.Н.Новгород, 603950","8.00-17.00, обед 13.00-14.00"
11,Судебный участок мирового судьи № 11 Автозаводского судебного района г.Н.Новгорода,Хлапов Александр Львович,+7 831 269-06-65,avtoz_11@msud.nnov.ru,http://avtoz11.nnov.msudrf.ru,"Ватутина ул., д.6-а г.Н.Новгород, 603950","8.00-17.00, обед 13.00-14.00"
12,Судебный участок мирового судьи № 12 Автозаводского судебного района г.Н.Новгорода,Зеленкова Валерия Юрьевна,+7 831 269-06-73,avtoz_12@msud.nnov.ru,http://avtoz12.nnov.msudrf.ru,"Ватутина ул., д.6-а г.Н.Новгород, 603950","8.00-17.00, обед 13.00-14.00"
13,Судебный участок мирового судьи № 13 Автозаводского судебного района г.Н.Новгорода,Арефьева Марина Михайловна,+7 831 269-06-63,avtoz_13@msud.nnov.ru,http://avtoz13.nnov.msudrf.ru,"Ватутина ул., д.6-а г.Н.Новгород, 603950","8.00-17.00, обед 13.00-14.00"
14,Судебный участок мирового судьи № 1 Канавинского судебного района г.Н.Новгорода,Хут Артур Бачирович,+7 831 241-55-17,kanav_1@msud.nnov.ru,http://kanav1.nnov.msudrf.ru,"Советская ул., д.13 г. Н.Новгород, 603950","8.00-17.00, обед 12.00-13.00"
15,Судебный участок мирового судьи № 4 Канавинского судебного  района г.Н.Новгорода,Сохраннова Раиса Аркадьевна,+7 831 241-42-15,kanav_4@msud.nnov.ru,http://kanav4.nnov.msudrf.ru,"Гордеевская ул., д.42-а г. Н.Новгород, 603950","8.00-17.00, обед 12.00-13.00"
16,Судебный участок мирового судьи № 6 Канавинского судебного  района г.Н.Новгорода,Савинова Ольга Александровна,+7 831 241-54-64,kanav_6@msud.nnov.ru,http://kanav6.nnov.msudrf.ru,"Гордеевская ул., д.42-а г. Н.Новгород, 603950","8.00-17.00, обед 12.00-13.00"
17,Судебный участок мирового судьи № 2 Канавинского судебного района г.Н.Новгорода,,+7 831 246-05-01,kanav_2@msud.nnov.ru,http://kanav2.nnov.msudrf.ru,"Советская ул., д.13 г. Н.Новгород, 603950","8.00-17.00, обед 12.00-13.00"
18,Судебный участок мирового судьи № 3 Канавинского судебного района г.Н.Новгорода,Галкина Ольга Николаевна,+7 831 246-84-27,kanav_3@msud.nnov.ru,http://kanav3.nnov.msudrf.ru,"Советская ул., д.13 г. Н.Новгород, 603950","8.00-17.00, обед 12.00-13.00"
19,Судебный участок мирового судьи № 5 Канавинского судебного  района г.Н.Новгорода,Евтюшкин Александр Юрьевич,+7 831 246-10-76,kanav_5@msud.nnov.ru,http://kanav5.nnov.msudrf.ru,"Советская ул., д.13 г. Н.Новгород, 603950","8.00-17.00, обед 12.00-13.00"
20,Судебный участок мирового судьи № 8 Канавинского судебного района г.Н.Новгорода,Жиделева Олеся Алексеевна,+7 831 246-84-75,kanav_8@msud.nnov.ru,http://kanav8.nnov.msudrf.ru,"Советская ул., д.13 г. Н.Новгород, 603950","8.00-17.00, обед 12.00-13.00"
21,Судебный участок мирового судьи № 9 Канавинского судебного  района г.Н.Новгорода,Дмитриева Елена Сергеевна,+7 831 246-05-34,kanav_9@msud.nnov.ru,,"Советская ул., д.16 г. Н.Новгород, 603950","8.00-17.00, обед 12.00-13.00"
22,Судебный участок мирового судьи № 7 Канавинского судебного района г.Н.Новгорода,Дремлюга Алексей Михайлович,+7 831 229-22-43,kanav_7@msud.nnov.ru,http://kanav7.nnov.msudrf.ru,"Камчатский пер., д.5 г. Н. Новгород, 603950","8.00-17.00, обед 12.00-13.00"
23,Судебный участок мирового судьи № 1 Ленинского судебного района г.Н.Новгорода,Картомин Дмитрий Вадимович,+7 831 250-88-68,lenin_1@msud.nnov.ru,http://lenin1.nnov.msudrf.ru,"Памирская ул., д.13 г.Н.Новгород, 603950","8.00-17.00, обед 12.00-13.00"
24,Судебный участок мирового судьи № 2 Ленинского судебного района г.Н.Новгорода,,+7 831 250-85-64,lenin_2@msud.nnov.ru,http://lenin2.nnov.msudrf.ru,"Памирская ул., д.13 г.Н.Новгород, 603950","8.00-17.00, обед 12.00-13.00"
25,Судебный участок мирового судьи № 3 Ленинского судебного района г.Н.Новгорода,Вениаминов Петр Владимирович,+7 831 250-74-34,lenin_3@msud.nnov.ru,http://lenin3.nnov.msudrf.ru,"Памирская ул., д.13 г.Н.Новгород, 603950","8.00-17.00, обед 12.00-13.00"
26,Судебный участок мирового судьи № 4 Ленинского судебного района г.Н.Новгорода,Кретов Андрей Юрьевич,+7 831 250-91-16,lenin_4@msud.nnov.ru,http://lenin4.nnov.msudrf.ru,"Памирская ул., д.13 г.Н.Новгород, 603950","8.00-17.00, обед 12.00-13.00"
27,Судебный участок мирового судьи № 5 Ленинского судебного района г.Н.Новгорода,Пшеницын Сергей Константинович,+7 831 250-88-18,lenin_5@msud.nnov.ru,http://lenin5.nnov.msudrf.ru,"Памирская ул., д.13 г.Н.Новгород, 603950","8.00-17.00, обед 12.00-13.00"
28,Судебный участок мирового судьи № 6 Ленинского судебного района г.Н.Новгорода,Краснова Екатерина Сергеевна,+7 831 250-88-63,lenin_6@msud.nnov.ru,http://lenin6.nnov.msudrf.ru,"Памирская ул., д.13 г.Н.Новгород, 603950","8.00-17.00, обед 12.00-13.00"
29,Судебный участок мирового судьи № 7 Ленинского судебного района г.Н.Новгорода,Плахотнюк Сергей Михайлович,+7 831 250-85-44,lenin_7@msud.nnov.ru,http://lenin7.nnov.msudrf.ru,"Памирская ул., д.13 г.Н.Новгород, 603950","8.00-17.00, обед 12.00-13.00"
30,Судебный участок мирового судьи № 1 Нижегородского судебного района г.Н.Новгорода,Шевченко Орест Александрович,+7 831 430-64-20,nizheg_1@msud.nnov.ru,http://nizh1.nnov.msudrf.ru,"Рождественская ул., д.19 г.Н.Новгород, 603950","8.00-17.00, обед 12.00-13.00"
31,Судебный участок мирового судьи № 2 Нижегородского судебного района г.Н.Новгорода,Ремизов Владимир Владимирович,+7 831 430-25-04,nizheg_2@msud.nnov.ru,http://nizh2.nnov.msudrf.ru,"Рождественская ул., д.19 г.Н.Новгород, 603950","8.00-17.00, обед 12.00-13.00"
32,Судебный участок мирового судьи № 4 Нижегородского судебного  района г.Н.Новгорода,Кулешов Роман Александрович,+7 831 431-36-92,nizheg_4@msud.nnov.ru,http://nizh3.nnov.msudrf.ru,"Рождественская ул., д.19 г.Н.Новгород, 603950","8.00-17.00, обед 12.00-13.00"
33,Судебный участок мирового судьи № 6 Нижегородского судебного  района г.Н.Новгорода,Галдина Оксана Александровна,+7 831 437-35-69,nizheg_6@msud.nnov.ru,http://nizh4.nnov.msudrf.ru,"Рождественская ул., д.19 г.Н.Новгород, 603950","8.00-17.00, обед 12.00-13.00"
34,Судебный участок мирового судьи № 8 Нижегородского судебного  района г.Н.Новгорода,Аракелов Даниэль Артурович,+7 831 433-29-29,nizheg_8@msud.nnov.ru,,"Рождественская ул., д.18 г.Н.Новгород, 603950","8.00-17.00, обед 12.00-13.00"
35,Судебный участок мирового судьи № 3 Нижегородского судебного района г.Н.Новгорода,Малахов Сергей Сергеевич,+7 831 430-42-34,nizheg_3@msud.nnov.ru,http://nizh5.nnov.msudrf.ru,"Рождественская ул., д.21-е г.Н.Новгород, 603950","8.00-17.00, обед 12.00-13.00"
36,Судебный участок мирового судьи № 5 Нижегородского судебного района г.Н.Новгорода,Кириллов Андрей Александрович,+7 831 278-82-94,nizheg_5@msud.nnov.ru,http://nizh6.nnov.msudrf.ru,"Верхнепечерская ул., д.15, корп.1 помещение 1 г.Н.Новгород, 603950","8.00-17.00, обед 12.00-13.00"
37,Судебный участок мирового судьи № 7 Нижегородского судебного района г.Н.Новгорода,Силантьев Александр Анатольевич,+7 831 278-82-93,nizheg_7@msud.nnov.ru,http://nizh7.nnov.msudrf.ru,"Верхнепечерская ул., д.15, корп.1 помещение 1 г.Н.Новгород, 603950","8.00-17.00, обед 12.00-13.00"
38,Судебный участок мирового судьи № 1 Московского судебного района г.Н.Новгорода,Константинова Юлия Викторовна,+7 831 270-43-74,mosk_1@msud.nnov.ru,http://mosk1.nnov.msudrf.ru,"Рябцева ул., д.29 г.Н.Новгород, 603950","8.00-17.00, обед 12.00-13.00"
39,Судебный участок мирового судьи № 2 Московского судебного  района г.Н.Новгорода,Кулагин Илья Александрович,+7 831 270-77-84,mosk_2@msud.nnov.ru,http://mosk2.nnov.msudrf.ru,"Гастелло ул., д.1 г.Н.Новгород, 603950","8.00-17.00, обед 12.00-13.00"
40,Судебный участок мирового судьи № 3 Московского судебного района г.Н.Новгорода,Сохина Ольга Юрьевна,+7 831 270-42-40,mosk_3@msud.nnov.ru,http://mosk3.nnov.msudrf.ru,"Гастелло ул., д.1 г.Н.Новгород, 603950","8.00-17.00, обед 12.00-13.00"
41,Судебный участок мирового судьи № 7 Московского судебного района г.Н.Новгорода,Землянигина Светлана Владимировна,+7 831 270-37-22,mosk_7@msud.nnov.ru,http://mosk7.nnov.msudrf.ru,"Гастелло ул., д.1 г.Н.Новгород, 603950","8.00-17.00, обед 12.00-13.00"
42,Судебный участок мирового судьи № 4 Московского судебного района г.Н.Новгорода,Малинина Ирина Александровна,+7 831 270-84-98,mosk_4@msud.nnov.ru,http://mosk4.nnov.msudrf.ru,"Красных Зорь ул., д.14 г.Н.Новгород, 603950","8.00-17.00, обед 12.00-13.00"
43,Судебный участок мирового судьи № 6 Московского судебного района г.Н.Новгорода,Кутузова Елена Владимировна,+7 831 270-78-64,mosk_6@msud.nnov.ru,http://mosk6.nnov.msudrf.ru,"Красных Зорь ул., д.14 г.Н.Новгород, 603950","8.00-17.00, обед 12.00-13.00"
44,Судебный участок мирового судьи № 5 Московского судебного района г.Н.Новгорода,Удалова Мария Сергеевна,+7 831 270-57-47,mosk_5@msud.nnov.ru,http://mosk5.nnov.msudrf.ru,"Гастелло ул., д.1 г.Н.Новгород, 603950","8.00-17.00, обед 12.00-13.00"
45,Судебный участок мирового судьи № 1 Приокского судебного района г.Н.Новгорода,Федорова Жанна Сергеевна,+7 831 465-14-58,priok_1@msud.nnov.ru,http://priok1.nnov.msudrf.ru,"Анкудиновское ш., д.32 г.Н.Новгород, 603950","8.00-17.00, обед 12.00-13.00"
46,Судебный участок мирового судьи № 2 Приокского судебного района г.Н.Новгорода,Лифанова Евгения Викторовна,+7 831 465-67-72,priok_2@msud.nnov.ru,http://priok2.nnov.msudrf.ru,"Анкудиновское ш., д.32 г.Н.Новгород, 603950","8.00-17.00, обед 12.00-13.00"
47,Судебный участок мирового судьи № 3 Приокского судебного  района г.Н.Новгорода,Быков Дмитрий Александрович,+7 831 422-68-35,priok_3@msud.nnov.ru,http://priok3.nnov.msudrf.ru,"Анкудиновское ш., д.32 г.Н.Новгород, 603950","8.00-17.00, обед 12.00-13.00"
48,Судебный участок мирового судьи № 4 Приокского судебного района г.Н.Новгорода,Глова Андрей Дмитриевич,+7 831 466-42-28,priok_4@msud.nnov.ru,http://priok4.nnov.msudrf.ru,"Петровского ул., д.23 г.Н.Новгород, 603950","8.00-17.00, обед 12.00-13.00"
49,Судебный участок мирового судьи № 5 Приокского судебного района г.Н.Новгорода,Киселева Светлана Борисовна,+7 831 466-84-79,priok_5@msud.nnov.ru,http://priok5.nnov.msudrf.ru,"Петровского ул., д.23 г.Н.Новгород, 603950","8.00-17.00, обед 12.00-13.00"
50,Судебный участок мирового судьи № 1 Советского судебного  района г.Н.Новгорода,Грачева Анастасия Николаевна,+7 831 439-39-41,sovet_1@msud.nnov.ru,http://sovet1.nnov.msudrf.ru,"Пушкина ул., д.29-а г.Н.Новгород, 603950","8.00-17.00, обед 12.00-13.00"
51,Судебный участок мирового судьи № 2 Советского судебного  района г.Н.Новгорода,Махлейдт Вадим Владимирович,+7 831 439-55-70,sovet_2@msud.nnov.ru,http://sovet2.nnov.msudrf.ru,"Пушкина ул., д.29-а г.Н.Новгород, 603950","8.00-17.00, обед 12.00-13.00"
52,Судебный участок мирового судьи № 5 Советского судебного  района г.Н.Новгорода,Ткаченко Олег Владимирович,+7 831 439-53-27,sovet_5@msud.nnov.ru,http://sovet3.nnov.msudrf.ru,"Пушкина ул., д.29-а г.Н.Новгород, 603950","8.00-17.00, обед 12.00-13.00"
53,Судебный участок мирового судьи № 6 Советского судебного района г.Н.Новгорода,Мустафаев Исмаил Мирзоевич,+7 831 434-50-04,sovet_6@msud.nnov.ru,http://sovet4.nnov.msudrf.ru,"Пушкина ул., д.29-а г.Н.Новгород, 603950","8.00-17.00, обед 12.00-13.00"
54,Судебный участок мирового судьи № 3 Советского судебного  района г.Н.Новгорода,Ясникова Анастасия Вадимовна,+7 831 417-38-14,sovet_3@msud.nnov.ru,http://sovet5.nnov.msudrf.ru,"Козицкого ул., д.1, кор1. г.Н.Новгород, 603950","8.00-17.00, обед 12.00-13.00"
55,Судебный участок мирового судьи № 4 Советского судебного района г.Н.Новгорода,Гордеева Нелли Александровна,+7 831 417-10-57,sovet_4@msud.nnov.ru,http://sovet6.nnov.msudrf.ru,"Козицкого ул., д.1, кор1. г.Н.Новгород, 603950","8.00-17.00, обед 12.00-13.00"
56,Судебный участок мирового судьи № 7 Советского судебного района г.Н.Новгорода,Заплатина Марина Михайловна,+7 831 417-37-57,sovet_7@msud.nnov.ru,http://sovet7.nnov.msudrf.ru,"Козицкого ул., д.1, кор1. г.Н.Новгород, 603950","8.00-17.00, обед 12.00-13.00"
57,Судебный участок мирового судьи № 1 Сормовского судебного района г.Н.Новгорода,Бакулин Алексей Викторович,+7 831 227-38-77,sormov_1@msud.nnov.ru,http://sormov1.nnov.msudrf.ru,"Василия Иванова ул.,56-а г.Н.Новгород, 603950","8.00-17.00, обед 12.00-13.00"
58,Судебный участок мирового судьи № 2 Сормовского судебного  района г.Н.Новгорода,Захаров Александр Андреевич,+7 831 226-64-66,sormov_2@msud.nnov.ru,http://sormov2.nnov.msudrf.ru,"Василия Иванова ул.,56-а г.Н.Новгород, 603950","8.00-17.00, обед 12.00-13.00"
59,Судебный участок мирового судьи № 3 Сормовского судебного  района г.Н.Новгорода,Усынкина Алевтина Алексеевна,+7 831 271-92-64,sormov_3@msud.nnov.ru,http://sormov3.nnov.msudrf.ru,"Василия Иванова ул.,56-а г.Н.Новгород, 603950","8.00-17.00, обед 12.00-13.00"
60,Судебный участок мирового судьи № 4 Сормовского судебного  района г.Н.Новгорода,Ионова Оксана Юрьевна,+7 831 226-21-07,sormov_4@msud.nnov.ru,http://sormov4.nnov.msudrf.ru,"Василия Иванова ул.,56-а г.Н.Новгород, 603950","8.00-17.00, обед 12.00-13.00"
61,Судебный участок мирового судьи № 5 Сормовского судебного района г.Н.Новгорода,Султанов Тахир Рашидович,+7 831 271-92-95,sormov_5@msud.nnov.ru,http://sormov5.nnov.msudrf.ru,"Василия Иванова ул.,56-а г.Н.Новгород, 603950","8.00-17.00, обед 12.00-13.00"
62,Судебный участок мирового судьи № 6 Сормовского судебного района г.Н.Новгорода,Сальников Сергей Павлович,+7 831 271-18-18,sormov_6@msud.nnov.ru,http://sormov6.nnov.msudrf.ru,"Василия Иванова ул.,56-а г.Н.Новгород, 603950","8.00-17.00, обед 12.00-13.00"
63,Судебный участок мирового судьи № 7 Сормовского судебного  района г.Н.Новгорода,Шиханов Александр Борисович,+7 831 271-92-61,sormov_7@msud.nnov.ru,http://sormov7.nnov.msudrf.ru,"Василия Иванова ул.,56-а г.Н.Новгород, 603950","8.00-17.00, обед 12.00-13.00"
64,Судебный участок мирового судьи № 8 Сормовского судебного района г.Н.Новгорода,Нибусин Артем Сергеевич,+7 831 271-30-03,sormov_8@msud.nnov.ru,http://sormov8.nnov.msudrf.ru,"Василия Иванова ул.,56-а г.Н.Новгород, 603950","8.00-17.00, обед 12.00-13.00"
65,Судебный участок мирового судьи № 1 Ардатовского судебного района Нижегородской области,Мялкин Дмитрий Александрович,+7 83179 5 07 92,ardat_1@msud.nnov.ru,http://ard1.nnov.msudrf.ru,"Свердлова ул., д.14 п.Ардатов, 607130","8.00-17.00, обед 12.00-13.00"
66,Судебный участок мирового судьи № 2 Ардатовского судебного района Нижегородской области,Кандина Наталья Евгеньевна,+7 83179 5-16-05,ardat_2@msud.nnov.ru,http://ard2.nnov.msudrf.ru,"Свердлова ул., д.14 п.Ардатов, 607130","8.00-17.00, обед 12.00-13.00"
67,Судебный участок мирового судьи № 1 Арзамасского судебного  района и г. Арзамас Нижегородской области,Сердюкова Екатерина Евгеньевна,+7 83147 9-16-49,arzam_1@msud.nnov.ru,http://arz1.nnov.msudrf.ru,"Солнечная ул., д.10-б г.Арзамас, 607220","8.00-17.00, обед 12.00-13.00"
68,Судебный участок мирового судьи № 2 Арзамасского судебного района и г. Арзамас Нижегородской области,Федотова Людмила Юрьевна,+7 83147 9-18-17,arzam_2@msud.nnov.ru,http://arz2.nnov.msudrf.ru,"Солнечная ул., д.10-б г.Арзамас, 607220","8.00-17.00, обед 12.00-13.00"
69,Судебный участок мирового судьи № 3 Арзамасского судебного района и г. Арзамас Нижегородской области,Гущина Ирина Анатольевна,+7 83147 2-53-54,arzam_3@msud.nnov.ru,http://arz3.nnov.msudrf.ru,"Солнечная ул., д.10-б г.Арзамас, 607220","8.00-17.00, обед 12.00-13.00"
70,Судебный участок мирового судьи № 4 Арзамасского судебного района и г. Арзамас Нижегородской области,Романцова Татьяна Ивановна,+7 83147 2-63-03,arzam_4@msud.nnov.ru,http://arz4.nnov.msudrf.ru,"Солнечная ул., д.10-б г.Арзамас, 607220","8.00-17.00, обед 12.00-13.00"
71,Судебный участок мирового судьи № 5 Арзамасского судебного района и г. Арзамас Нижегородской области,Дубикова Анна Леонидовна,+7 83147 2-56-03,arzam_5@msud.nnov.ru,http://arz5.nnov.msudrf.ru,"Солнечная ул., д.10-б г.Арзамас, 607220","8.00-17.00, обед 12.00-13.00"
72,Судебный участок мирового судьи № 6 Арзамасского судебного района и г. Арзамас Нижегородской области,Каракулькина Светлана Николаевна,+7 83147 2-57-78,arzam_6@msud.nnov.ru,http://arz6.nnov.msudrf.ru,"Солнечная ул., д.10-б г.Арзамас, 607220","8.00-17.00, обед 12.00-13.00"
73,Судебный участок мирового судьи № 7 Арзамасского судебного района и г. Арзамас Нижегородской области,Фокин Евгений Владимирович,+7 83147 2-56-68,arzam_7@msud.nnov.ru,http://arz7.nnov.msudrf.ru,"Солнечная ул., д.10-б г.Арзамас, 607220","8.00-17.00, обед 12.00-13.00"
74,Судебный участок мирового судьи № 1 Балахнинского судебного района Нижегородской области,Филатова Елена Валентиновна,+7 83144 6-50-37,balah_1@msud.nnov.ru,http://balah1.nnov.msudrf.ru,"Ленина ул., д.11 г.Балахна, 606400","8.00-17.00, обед 12.00-13.00"
75,Судебный участок мирового судьи № 2 Балахнинского судебного района Нижегородской области,Ростовщикова Алена Алексеевна,+7 83144 6-50-31,balah_2@msud.nnov.ru,http://balah2.nnov.msudrf.ru,"Ленина ул., д.11 г.Балахна, 606400","8.00-17.00, обед 12.00-13.00"
76,Судебный участок мирового судьи № 3 Балахнинского судебного  района Нижегородской области,Раков Сергей Сергеевич,+7 83144 6-50-36,balah_3@msud.nnov.ru,http://balah3.nnov.msudrf.ru,"Ленина ул., д.11 г.Балахна, 606400","8.00-17.00, обед 12.00-13.00"
77,Судебный участок мирового судьи № 4 Балахнинского судебного района Нижегородской области,Галанин Евгений Николаевич,+7 83144 6-50-34,balah_4@msud.nnov.ru,http://balah4.nnov.msudrf.ru,"Ленина ул., д.11 г.Балахна, 606400","8.00-17.00, обед 12.00-13.00"
78,Судебный участок мирового судьи № 1 Богородского судебного района Нижегородской области,Шевчук Елена Николаевна,+7 83170 3 04 95,bogor_1@msud.nnov.ru,http://bogor1.nnov.msudrf.ru,"Ленина ул., д.176 г.Богородск, 607600","8.00-17.00, обед 12.00-13.00"
79,Судебный участок мирового судьи № 2 Богородского судебного района Нижегородской области,Меднова Светлана Евгеньевна,+7 83170 2 03 02,bogor_2@msud.nnov.ru,http://bogor2.nnov.msudrf.ru,"Ленина ул., д.176 г.Богородск, 607600","8.00-17.00, обед 12.00-13.00"
80,Судебный участок мирового судьи № 3 Богородского судебного района Нижегородской области,Шабаршова Екатерина Николаена,+7 83170 2-00-99,bogor_3@msud.nnov.ru,http://bogor3.nnov.msudrf.ru,"Ленина ул., д.176 г.Богородск, 607600","8.00-17.00, обед 12.00-13.00"
81,Судебный участок мирового судьи № 4 Богородского судебного района Нижегородской области,Денисова Анна Сергеевна,+7 83170 2-41-48,bogor_4@msud.nnov.ru,http://bogor4.nnov.msudrf.ru,"Ленина ул., д.176 г.Богородск, 607600","8.00-17.00, обед 12.00-13.00"
82,Судебный участок мирового судьи Большеболдинского судебного района Нижегородской области,Ким Яна Игоревна,+7 83138 2-24-63,bbol_1@msud.nnov.ru,http://bbold.nnov.msudrf.ru,"Пушкинская ул., д.6 с.Б.Болдино, 607940","8.00-17.00, обед 12.00-13.00"
83,Судебный участок мирового судьи Большемурашкинского судебного  района Нижегородской области,Музалева Ольга Николаевна,+7 83167 5-28-90,bmur_1@msud.nnov.ru,http://bmur.nnov.msudrf.ru,"Свободы ул., д.62 р.п.Б.Мурашкино, 606360","8.00-17.00, обед 12.00-13.00"
84,Судебный участок мирового судьи № 1  Борского судебного района Нижегородской области,Прохорова Наталья Викторовна,+7 83159 9-97-09,bor_1@msud.nnov.ru,http://bor1.nnov.msudrf.ru,"Профсоюзная ул., д.10 г.Бор, 606440","8.00-17.00, обед 12.00-13.00"
85,Судебный участок мирового судьи № 2  Борского судебного района Нижегородской области,Гордеева Татьяна Викторовна,+7 83159 2-20-92,bor_2@msud.nnov.ru,http://bor2.nnov.msudrf.ru,"Профсоюзная ул., д.10 г.Бор, 606440","8.00-17.00, обед 12.00-13.00"
86,Судебный участок мирового судьи № 3  Борского судебного района Нижегородской области,Иванов Алексей Валерьевич,+7 83159 2-13-30,bor_3@msud.nnov.ru,http://bor3.nnov.msudrf.ru,"Профсоюзная ул., д.10 г.Бор, 606440","8.00-17.00, обед 12.00-13.00"
87,Судебный участок мирового судьи № 4  Борского судебного района Нижегородской области,Добриян Наталья Васильевна,+7 83159 2-32-91,bor_4@msud.nnov.ru,http://bor4.nnov.msudrf.ru,"Профсоюзная ул., д.10 г.Бор, 606440","8.00-17.00, обед 12.00-13.00"
88,Судебный участок мирового судьи № 5 Борского судебного района Нижегородской области,Думова Алла Викторовна,+7 83159 2-39-60,bor_5@msud.nnov.ru,http://bor5.nnov.msudrf.ru,"Профсоюзная ул., д.10 г.Бор, 606440","8.00-17.00, обед 12.00-13.00"
89,Судебный участок мирового судьи № 6  Борского судебного района Нижегородской области,Смирнов Дмитрий Александрович,+7 83159 9-95-10,bor_6@msud.nnov.ru,http://bor6.nnov.msudrf.ru,"Профсоюзная ул., д.10 г.Бор, 606440","8.00-17.00, обед 12.00-13.00"
90,Судебный участок мирового судьи № 7 Борского судебного района Нижегородской области,Каримов Айдар Ханафиевич,+7 83159 9-96-00,bor_7@msud.nnov.ru,http://bor7.nnov.msudrf.ru,"Профсоюзная ул., д.10 г.Бор, 606440","8.00-17.00, обед 12.00-13.00"
91,Судебный участок мирового судьи Бутурлинского судебного района Нижегородской области,Мирасанов Михаил Евгеньевич,+7 83172 5-27-58,butur_1@msud.nnov.ru,http://butur1.nnov.msudrf.ru,"Спортивная ул., д.5 р.п.Бутурлино, 607440","8.00-17.00, обед 12.00-13.00"
92,Судебный участок мирового судьи Вадского судебного района Нижегородской области,Крылова Майя Евгеньевна,+7 83140 4-37-10,vad_1@msud.nnov.ru,http://vad.nnov.msudrf.ru,"1 мая ул., д.39-А с.Вад, 606380","8.00-17.00, обед 12.00-13.00"
93,Судебный участок мирового судьи Варнавинского судебного района Нижегородской области,Лацплес Мальвина Олеговна,+7 83158 3-56-56,varn_1@msud.nnov.ru,http://varnav.nnov.msudrf.ru,"Комсомольская ул., д.32-Б р п.Варнавино, 606760","8.00-17.00, обед 12.00-13.00"
94,Судебный участок мирового судьи Вачского судебного района Нижегородской области,Бессольнов Владимир Евгеньевич,+7 83173 6-28-92,vacha_1@msud.nnov.ru,http://vacha.nnov.msudrf.ru,"Ленина ул., д.2 р.п.Вача, 606150","8.00-17.00, обед 12.00-13.00"
95,Судебный участок мирового судьи Ветлужского судебного района Нижегородской области,Болдов Евгений Васильевич,+7 83150 2 12 55,vetl_1@msud.nnov.ru,http://vetluga.nnov.msudrf.ru,"Алешкова ул., д.64 г. Ветлуга, 606860","8.00-17.00, обед 12.00-13.00"
96,Судебный участок мирового судьи Вознесенского судебного района Нижегородской области,Афанасьев Илья Анатольевич,+7 83178 6-27-71,vozn_1@msud.nnov.ru,http://vozn.nnov.msudrf.ru,"Водопроводная ул., д.2а р.п. Вознесенское, 607340","8.00-17.00, обед 12.00-13.00"
97,Судебный участок мирового судьи № 1 Володарского судебного района Нижегородской области,Казакова Ольга Владимировна,+7 83136 4-97-24,volod_1@msud.nnov.ru,http://volod1.nnov.msudrf.ru,"Мичурина ул., севернее улицы Лядова, г. Володарск, 606072","8.00-17.00, обед 12.00-13.00"
98,Судебный участок мирового судьи № 2 Володарского судебного района Нижегородской области,Осташкина Наталья Леонидовна,+7 83136 6-34-02,volod_2@msud.nnov.ru,http://volod2.nnov.msudrf.ru,"Угарова ул., д.1 р.п.Ильиногорск, 606058","8.00-17.00, обед 12.00-13.00"
99,Судебный участок мирового судьи № 3 Володарского судебного района Нижегородской области,Круглова Алла Тахировна,+7 83136 7-93-64,volod_3@msud.nnov.ru,http://volod3.nnov.msudrf.ru,"Гвардейская ул., д.74 п.Мулино, 606083","8.00-17.00, обед 12.00-13.00"
100,Судебный участок мирового судьи Воротынского судебного района Нижегородской области,Цибирев Дмитрий Александрович,+7 83164 2 01 31,vorot_1@msud.nnov.ru,http://vorot.nnov.msudrf.ru,"М. Горького ул., д.100 р.п. Воротынец, 606260","8.00-17.00, обед 12.00-13.00"
101,Судебный участок мирового судьи Воскресенского судебного района Нижегородской области,Федотов Сергей Владимирович,+7 83163 9-30-45,voskr_1@msud.nnov.ru,http://voskr.nnov.msudrf.ru,"Красноармейская ул., д.78 р.п. Воскресенское, 606730","8.00-17.00, обед 12.00-13.00"
102,Судебный участок мирового судьи № 1 Выксунского судебного района Нижегородской области,Кожинов Виктор Михайлович,+7 83177 3-33-30,viksa_1@msud.nnov.ru,http://vyksa1.nnov.msudrf.ru,"Красная Площадь ул., д.33 г.Выкса, 607060","8.00-17.00, обед 12.00-13.00"
103,Судебный участок мирового судьи № 2 Выксунского судебного района Нижегородской области,Сапожников Денис Валерьевич,+7 83177 3-40-40,viksa_2@msud.nnov.ru,http://vyksa2.nnov.msudrf.ru,"Красная Площадь ул., д.33 г.Выкса, 607060","8.00-17.00, обед 12.00-13.00"
104,Судебный участок мирового судьи № 3 Выксунского судебного района Нижегородской области,Костина Наталья Анатольевна,+7 83177 3-26-72,viksa_3@msud.nnov.ru,http://vyksa3.nnov.msudrf.ru,"Красная Площадь ул., д.33 г.Выкса, 607060","8.00-17.00, обед 12.00-13.00"
105,Судебный участок мирового судьи № 4 Выксунского судебного района Нижегородской области,Морозова Ксения Александровна,+7 83177 3-47-02,viksa_4@msud.nnov.ru,http://vyksa4.nnov.msudrf.ru,"Красная Площадь ул., д.33 г.Выкса, 607060","8.00-17.00, обед 12.00-13.00"
106,Судебный участок мирового судьи Гагинского судебного района Нижегородской области,Королева Карина Арсеновна,+7 83195 2-16-02,gagino_1@msud.nnov.ru,http://gagin.nnov.msudrf.ru,"Коммунистическая ул., .8 с.Гагино, 607870","8.00-17.00, обед 12.00-13.00"
107,Судебный участок мирового судьи № 1 Городецкого судебного района Нижегородской области,Давыдовв Эдгар Романович,+7 83161 7-91-30,gorod_1@msud.nnov.ru,http://gorod1.nnov.msudrf.ru,"Новая ул., д.107 г.Городец, 606508","8.00-17.00, обед 12.00-13.00"
108,Судебный участок мирового судьи № 2 Городецкого судебного района Нижегородской области,Нестеров Александр Юрьевич,+7 83161 7-92-27,gorod_2@msud.nnov.ru,http://gorod2.nnov.msudrf.ru,"Новая ул., д.107 г.Городец, 606508","8.00-17.00, обед 12.00-13.00"
109,Судебный участок мирового судьи № 3 Городецкого судебного района Нижегородской области,Комиссарова Татьяна Михайловна,+7 83161 9-49-93,gorod_3@msud.nnov.ru,http://gorod3.nnov.msudrf.ru,"Новая ул., д.107 г.Городец, 606508","8.00-17.00, обед 12.00-13.00"
110,Судебный участок мирового судьи № 4 Городецкого судебного района Нижегородской области,Кудрявцева Ирирна Валентиновна,+7 83161 9-28-65,gorod_4@msud.nnov.ru,http://gorod4.nnov.msudrf.ru,"Новая ул., д.107 г.Городец, 606508","8.00-17.00, обед 12.00-13.00"
111,Судебный участок мирового судьи № 5 Городецкого судебного района Нижегородской области,Копейкин Александр Борисович,+7 83161 9-21-47,gorod_5@msud.nnov.ru,http://gorod5.nnov.msudrf.ru,"Новая ул., д.107 г.Городец, 606508","8.00-17.00, обед 12.00-13.00"
112,Судебный участок мирового судьи № 1 Дзержинского судебного района Нижегородской области,Овчинникова Елена Вадимовна,+7 8313 36-75-62,dzer_1@msud.nnov.ru,http://dzer1.nnov.msudrf.ru,"Сухаренко ул., д.23-а г.Дзержинск, 606002","8.00-17.00, обед 12.00-13.00"
113,Судебный участок мирового судьи № 2 Дзержинского судебного района Нижегородской области,,+7 8313 36-75-94,dzer_2@msud.nnov.ru,http://dzer2.nnov.msudrf.ru,"Сухаренко ул., д.23-а г.Дзержинск, 606002","8.00-17.00, обед 12.00-13.00"
114,Судебный участок мирового судьи № 3 Дзержинского судебного района Нижегородской области,Фунтиков Алексей Юрьевич,+7 8313 21-18-40,dzer_3@msud.nnov.ru,http://dzer3.nnov.msudrf.ru,"Чкалова пр., д.23-а г.Дзержинск, 606038","8.00-17.00, обед 12.00-13.00"
115,Судебный участок мирового судьи № 4 Дзержинского судебного района Нижегородской области,Григорьева Мария Владимировна,+7 8313 21-88-35,dzer_4@msud.nnov.ru,http://dzer4.nnov.msudrf.ru,"Чкалова пр., д.23-а г.Дзержинск, 606038","8.00-17.00, обед 12.00-13.00"
116,Судебный участок мирового судьи № 5 Дзержинского судебного района Нижегородской области,Денисламов Дамир Тахирович,+7 8313 36-73-23,dzer_5@msud.nnov.ru,http://dzer5.nnov.msudrf.ru,"Сухаренко ул., д.23-а г.Дзержинск, 606002","8.00-17.00, обед 12.00-13.00"
117,Судебный участок мирового судьи № 6 Дзержинского судебного района Нижегородской области,Дорошенко Роман Валерьевич,+7 8313 36-71-97,dzer_6@msud.nnov.ru,http://dzer6.nnov.msudrf.ru,"Сухаренко ул., д.23-а г.Дзержинск, 606002","8.00-17.00, обед 12.00-13.00"
118,Судебный участок мирового судьи № 7 Дзержинского судебного района Нижегородской области,Григорьева Наталья Владимировна,+7 8313 25-63-73,dzer_7@msud.nnov.ru,http://dzer7.nnov.msudrf.ru,"Ленина пр., д.49-а г.Дзержинск, 606000","8.00-17.00, обед 12.00-13.00"
119,Судебный участок мирового судьи № 8 Дзержинского судебного района Нижегородской области,Кузнецова Юлия Ирековна,+7 8313 23 07 91,dzer_8@msud.nnov.ru,http://dzer8.nnov.msudrf.ru,"Ленина пр., д.49-а г.Дзержинск, 606000","8.00-17.00, обед 12.00-13.00"
120,Судебный участок мирового судьи № 9 Дзержинского судебного района Нижегородской области,Рогожина Екатерина Евгеньевна,+7 8313 25-27-08,dzer_9@msud.nnov.ru,http://dzer9.nnov.msudrf.ru,"Ленина пр., д.49-а г.Дзержинск, 606000","8.00-17.00, обед 12.00-13.00"
121,Судебный участок мирового судьи № 10 Дзержинского судебного района Нижегородской области,Юлина Лариса Владимировна,+7 8313 26 11 08,dzer_10@msud.nnov.ru,http://dzer10.nnov.msudrf.ru,"Ленина пр., д.49-а г.Дзержинск, 606000","8.00-17.00, обед 12.00-13.00"
122,Судебный участок мирового судьи № 11 Дзержинского судебного района Нижегородской области,Золотарева Анна-Мария Александровна,+7 8313 25 02 28,dzer_11@msud.nnov.ru,http://dzer11.nnov.msudrf.ru,"Ленина пр., д.49-а г.Дзержинск, 606000","8.00-17.00, обед 12.00-13.00"
123,Судебный участок мирового судьи № 12 Дзержинского судебного района Нижегородской области,Колесов Олег Юрьевич,+7 8313 26-16-49,dzer_12@msud.nnov.ru,http://dzer12.nnov.msudrf.ru,"Ленина пр., д.49-а г.Дзержинск, 606000","8.00-17.00, обед 12.00-13.00"
124,Судебный участок мирового судьи № 13 Дзержинского судебного района Нижегородской области,Хлеманова Светлана Владимировна,+7 8313 23 11 90,dzer_13@msud.nnov.ru,http://dzer13.nnov.msudrf.ru,"Ленина пр., д.49-а г.Дзержинск, 606000","8.00-17.00, обед 12.00-13.00"
125,Судебный участок мирового судьи Дальнеконстантиновского судебного района Нижегородской области,Петрова Оксана Павловна,+7 83168 5-23-07,dkons_1@msud.nnov.ru,http://dkost.nnov.msudrf.ru,"Советская ул., д.80 р.п.Д.Константиново, 606310","8.00-17.00, обед 12.00-13.00"
126,Судебный участок мирового судьи Дивеевского судебного района Нижегородской области,Москалева Милена Владимировна,+7 83134 4-38-36,diveevo_1@msud.nnov.ru,http://divo.nnov.msudrf.ru,"Чкалова ул., д.2 с.Дивеево, 607320","8.00-17.00, обед 12.00-13.00"
127,Судебный участок мирового судьи Княгининского судебного района Нижегородской области,Миридонов Владимир Сергеевич,+7 83166 4 02 77,knyag_1@msud.nnov.ru,http://knyag.nnov.msudrf.ru,"Свободы ул., д.34 г.Княгинино, 606340","8.00-17.00, обед 12.00-13.00"
128,Судебный участок мирового судьи Ковернинского судебного района Нижегородской области,Донской Алексей Дмитриевич,+7 83157 2-23-39,kover_1@msud.nnov.ru,http://kover.nnov.msudrf.ru,"Школьная ул., д.30 р.п.Ковернино, 606570","8.00-17.00, обед 12.00-13.00"
129,Судебный участок мирового судьи № 1 Краснобаковского судебного района Нижегородской области,Несвит Евгений Александрович,+7 83156 2-15-15,krbak_1@msud.nnov.ru,http://krbak1.nnov.msudrf.ru,"Луговая ул., д.25 р.п.Красные Баки, 606710","8.00-17.00, обед 12.00-13.00"
130,Судебный участок мирового судьи № 2 Краснобаковского судебного района Нижегородской области,Лобастова Наталья Леонидовна,+7 83156 2-34-05,krbak_2@msud.nnov.ru,http://krbak2.nnov.msudrf.ru,"Луговая ул., д.25 р.п.Красные Баки, 606710","8.00-17.00, обед 12.00-13.00"
131,Судебный участок мирового судьи Краснооктябрьскогосудебного района Нижегородской области,Хайретдинова Надежда Викторовна,+7 83194 2-23-00,krokt_1@msud.nnov.ru,http://krokt.nnov.msudrf.ru,"Парковый пер., д.3 с.Уразовка, 607530","8.00-17.00, обед 12.00-13.00"
132,Судебный участок мирового судьи № 1 Кстовского судебного района Нижегородской области,Старкова Мария Николаевна,+7 83145 7-55-63,kstovo_1@msud.nnov.ru,http://kstovo1.nnov.msudrf.ru,"Театральная ул., д.2 г.Кстово, 607650","8.00-17.00, обед 12.00-13.00"
133,Судебный участок мирового судьи № 2 Кстовскогосудебного района Нижегородской области,Сильвестров Павел Сергеевич,+7 83145 2-13-08,kstovo_2@msud.nnov.ru,http://kstovo2.nnov.msudrf.ru,"Театральная ул., д.2 г.Кстово, 607650","8.00-17.00, обед 12.00-13.00"
134,Судебный участок мирового судьи № 3 Кстовского судебного района Нижегородской области,Соколов Александр Владимирович,+7 83145 7-55-52,kstovo_3@msud.nnov.ru,http://kstovo3.nnov.msudrf.ru,"Театральная ул., д.2 г.Кстово, 607650","8.00-17.00, обед 12.00-13.00"
135,Судебный участок мирового судьи № 4 Кстовского судебного района Нижегородской области,Цацалов Одисей Одисеевич,+7 83145 7-59-07,kstovo_4@msud.nnov.ru,http://kstovo4.nnov.msudrf.ru,"Театральная ул., д.2 г.Кстово, 607650","8.00-17.00, обед 12.00-13.00"
136,Судебный участок мирового судьи № 5 Кстовского судебного района Нижегородской области,Софронова Ирина Александровна,+7 83145 2 02 60,kstovo_5@msud.nnov.ru,http://kstovo5.nnov.msudrf.ru,"Театральная ул., д.2 г.Кстово, 607650","8.00-17.00, обед 12.00-13.00"
137,Судебный участок мирового судьи № 6 Кстовского судебного района Нижегородской области,Здоренко Дарья Валентиновна,+7 83145 2 01 14,kstovo_6@msud.nnov.ru,,"Театральная ул., д.2 г.Кстово, 607650","8.00-17.00, обед 12.00-13.00"
138,Судебный участок мирового судьи № 1 Кулебакского судебного района Нижегородской области,Романцева Анастасия Владимировна,+7 83176 5-87-71,kuleb_1@msud.nnov.ru,http://kuleb1.nnov.msudrf.ru,"Воровского ул., д.48 г.Кулебаки, 607010","8.00-17.00, обед 12.00-13.00"
139,Судебный участок мирового судьи № 2 Кулебакского судебного района Нижегородской области,Лебедева Альбина Викторовна,+7 83176 5-38-62,kuleb_2@msud.nnov.ru,http://kuleb2.nnov.msudrf.ru,"Воровского ул., д.48 г.Кулебаки, 607010","8.00-17.00, обед 12.00-13.00"
140,Судебный участок мирового судьи № 3 Кулебакского судебного района Нижегородской области,Казарян Татев Вардановна,+7 83176 5-81-65,kuleb_3@msud.nnov.ru,http://kuleb3.nnov.msudrf.ru,"Воровского ул., д.48 г.Кулебаки, 607010","8.00-17.00, обед 12.00-13.00"
141,Судебный участок мирового судьи № 1 Лукояновского судебного района Нижегородской области,Большова Юлия Григорьевна,+7 83196 4-31-82,luko_1@msud.nnov.ru,http://luk1.nnov.msudrf.ru,"Коммуны ул., д.32Г г.Лукоянов, 607800","8.00-17.00, обед 12.00-13.00"
142,Судебный участок мирового судьи № 2 Лукояновского судебного района Нижегородской области,Суслова Елена Николаевна,+7 83196 4-26-43,luko_2@msud.nnov.ru,http://luk2.nnov.msudrf.ru,"Коммуны ул., д.69 г.Лукоянов, 607800","8.00-17.00, обед 12.00-13.00"
143,Судебный участок мирового судьи № 1 Лысковского судебного района Нижегородской области,,+7 83149 5-55-64,liskovo_1@msud.nnov.ru,http://lysk1.nnov.msudrf.ru,"Строителей ул., д.10/1 г.Лысково, 606230","8.00-17.00, обед 12.00-13.00"
144,Судебный участок мирового судьи № 2 Лысковского судебного района Нижегородской области,Коннов Александр Эдуардович,+7 83149 5-59-54,liskovo_2@msud.nnov.ru,http://lysk2.nnov.msudrf.ru,"Строителей ул., д.10/1 г.Лысково, 606230","8.00-17.00, обед 12.00-13.00"
145,Судебный участок мирового судьи № 1 Навашинского судебного района Нижегородской области,Гунин Алексей Геннадьевич,+7 83175 5-76-36,navash_1@msud.nnov.ru,http://nav1.nnov.msudrf.ru,"Ленина ул., д.28 а г.Навашино, 607102","8.00-17.00, обед 12.00-13.00"
146,Судебный участок мирового судьи № 2 Навашинского судебного района Нижегородской области,Рязапов Дмитрий Тахирович,+7 83175 5-77-23,navash_2@msud.nnov.ru,http://nav2.nnov.msudrf.ru,"Ленина ул., д.28 а г.Навашино, 607102","8.00-17.00, обед 12.00-13.00"
147,Судебный участок мирового судьи № 1 Павловского судебного района Нижегородской области,Васильева Ольга Вячеславовна,+7 83171 2-30-45,pavl_1@msud.nnov.ru,http://pavlov1.nnov.msudrf.ru,"Кирова ул., д.66-а г. Павлово, 606100","8.00-17.00, обед 12.00-13.00"
148,Судебный участок мирового судьи № 2 Павловского судебного района Нижегородской области,Куликова Юлия Валерьевна,+7 83171 2-26-44,pavl_2@msud.nnov.ru,http://pavlov2.nnov.msudrf.ru,"Кирова ул., д.66-а г. Павлово, 606100","8.00-17.00, обед 12.00-13.00"
149,Судебный участок мирового судьи № 3 Павловского судебного района Нижегородской области,Каманин Александр Олегович,+7 83171 2-27-99,pavl_3@msud.nnov.ru,http://pavlov3.nnov.msudrf.ru,"Кирова ул., д.66-а г. Павлово, 606100","8.00-17.00, обед 12.00-13.00"
150,Судебный участок мирового судьи № 4 Павловского судебного района Нижегородской области,Паулкина Светлана Ивановна,+7 83171 2-30-44,pavl_4@msud.nnov.ru,http://pavlov4.nnov.msudrf.ru,"Кирова ул., д.66-а г. Павлово, 606100","8.00-17.00, обед 12.00-13.00"
151,Судебный участок мирового судьи № 5 Павловского судебного района Нижегородской области,Ноздрачев Максим Витальевич,+7 83171 2-27-98,pavl_5@msud.nnov.ru,http://pavl5.nnov.msudrf.ru,"Кирова ул., д.66-а г. Павлово, 606100","8.00-17.00, обед 12.00-13.00"
152,Судебный участок мирового судьи Первомайского  судебного района Нижегородской области,Кадурин Сергей Павлович,+7 83139 2-23-67,pervom_1@msud.nnov.ru,http://pervom.nnov.msudrf.ru,"Октябрьская ул., д.6 г.Первомайск, 607760","8.00-17.00, обед 12.00-13.00"
153,Судебный участок мирового судьи Перевозского судебного района Нижегородской области,Шумейко Людмила Сергеевна,+7 83148 5-33-96,perev_1@msud.nnov.ru,http://perev.nnov.msudrf.ru,"Молодежная ул., д.4 г.Перевоз, 607400","8.00-17.00, обед 12.00-13.00"
154,Судебный участок мирового судьи Пильнинского судебного района Нижегородской области,Поротикова Надежда Александровна,+7 83192 5-13-06,pilna_1@msud.nnov.ru,http://pilna.nnov.msudrf.ru,"Урицкого ул., д.64 р.п.Пильна, 607490","8.00-17.00, обед 12.00-13.00"
155,Судебный участок мирового судьи №1 Починковского судебного района Нижегородской области,Видяева Татьяна Александровна (декретный отпуск),+7 83197 5-18-89,poch_1@msud.nnov.ru,http://pochin1.nnov.msudrf.ru,"Луначарского ул., д.17 с.Починки, 607910","8.00-17.00, обед 12.00-13.00"
156,Судебный участок мирового судьи №2 Починковского судебного района Нижегородской области,Глухова Юлия Александровна,+7 83197 5 04 78,poch_2@msud.nnov.ru,http://pochin2.nnov.msudrf.ru,"Луначарского ул., д.17 с.Починки, 607910","8.00-17.00, обед 12.00-13.00"
157,Судебный участок мирового судьи №1 Саровского судебного района Нижегородской области,Миссирова Светлана Николаевна,+7 83130 6-14-29,sarov_1@msud.nnov.ru,http://sarov1.nnov.msudrf.ru,"Репина ул., д.3 г.Саров, 607188","8.30-17.30, обед 12.30-13.30"
158,Судебный участок мирового судьи №2 Саровского судебного района Нижегородской области,,+7 83130 5-44-15,sarov_2@msud.nnov.ru,http://sarov2.nnov.msudrf.ru,"Репина ул., д.3 г.Саров, 607188","8.30-17.30, обед 12.30-13.30"
159,Судебный участок мирового судьи №3 Саровского судебного района Нижегородской области,Хахина Лилия Сергеевна,+7 83130 6-14-34,sarov_3@msud.nnov.ru,http://sarov3.nnov.msudrf.ru,"Репина ул., д.3 г.Саров, 607198","8.30-17.30, обед 12.30-13.30"
160,Судебный участок мирового судьи №4 Саровского судебного района Нижегородской области,Голубева Евгения Анатольевна,+7 83130 6 11 76,sarov_4@msud.nnov.ru,http://sarov4.nnov.msudrf.ru,"Репина ул., д.3 г.Саров, 607198","8.30-17.30, обед 12.30-13.30"
161,Судебный участок мирового судьи №1 Семеновского судебного района Нижегородской области,Скворцова Анна Александровна,+7 83162 5-24-30,semen_1@msud.nnov.ru,http://semen1.nnov.msudrf.ru,"Ленина ул., д.12, г.Семенов, 606650","8.00-17.00, обед 12.00-13.00"
162,Судебный участок мирового судьи №2 Семеновского судебного района Нижегородской области,Сергеева Мария Владимировна,+7 83162 5-29-51,semen_2@msud.nnov.ru,http://semen2.nnov.msudrf.ru,"Ленина ул., д.12, г.Семенов, 606650","8.00-17.00, обед 12.00-13.00"
163,Судебный участок мирового судьи №3 Семеновского судебного района Нижегородской области,Полунина Ольга Юрьевна,+7 83162 5-33-41,semen_3@msud.nnov.ru,http://semen3.nnov.msudrf.ru,"Ленина ул., д.12, г.Семенов, 606650","8.00-17.00, обед 12.00-13.00"
164,Судебный участок мирового судьи №1 Сергачского судебного района  Нижегородской области,Осьминушкина Мария Ивановна,+7 83191 5-24-32,serg_1@msud.nnov.ru,http://serg1.nnov.msudrf.ru,"Советская ул., д.30 г.Сергач, 607510","8.00-17.00, обед 12.00-13.00"
165,Судебный участок мирового судьи №2 Сергачского  судебного района  Нижегородской области,Артамонов Алексей Николаевич,+7 83191 5-19-72,serg_2@msud.nnov.ru,http://serg2.nnov.msudrf.ru,"Советская ул., д.30 г.Сергач, 607510","8.00-17.00, обед 12.00-13.00"
166,Судебный участок мирового судьи Сеченовского  судебного района Нижегородской области,Терехова Маргарита Викторовна,+7 83193 5-22-74,sechen_1@msud.nnov.ru,http://sechen.nnov.msudrf.ru,"Советская ул., д.7 с.Сеченово, 607580","8.00-17.00, обед 12.00-13.00"
167,Судебный участок мирового судьи Сокольского  судебного района Нижегородской области,Германов Сергей Владимирович,+7 83137 2 02 87,sokol_1@msud.nnov.ru,http://sokol.nnov.msudrf.ru,"Достоевского ул., д.16 п.Сокольское, 606670","8.00-17.00, обед 12.00-13.00"
168,Судебный участок мирового судьи Сосновского  судебного района Нижегородской области,Козин Александр Владимирович,+7 83174 2-89-29,sosnov_1@msud.nnov.ru,http://sosnov.nnov.msudrf.ru,"Комсомольская ул., д.20 р.п.Сосновское, 606170","8.00-17.00, обед 12.00-13.00"
169,Судебный участок мирового судьи Спасского  судебного района Нижегородской области,Некрасов Андрей Федорович,+7 83165 2-62-61,spassk_1@msud.nnov.ru,http://spas.nnov.msudrf.ru,"Революции пл., д.27 с.Спасское, 606280","8.00-17.00, обед 12.00-13.00"
170,Судебный участок мирового судьи Тонкинского  судебного района Нижегородской области,Соколова Наталья Викторовна,+7 83153 4-85-10,tonkin_1@msud.nnov.ru,http://tonkin.nnov.msudrf.ru,"Свобода ул., д.21 р.п.Тонкино, 606970","8.00-17.00, обед 12.00-13.00"
171,Судебный участок мирового судьи Тоншаевского  судебного района Нижегородской области,Втюрина Марина Геннадьевна,+7 83151 2-25-80,tonsh_1@msud.nnov.ru,http://tonsh.nnov.msudrf.ru,"Центральная ул., д.16 р.п.Тоншаево, 606950","8.00-17.00, обед 12.00-13.00"
172,Судебный участок мирового судьи № 1 Уренского судебного района Нижегородской области,Дубнякова Екатерина Сергеевна,+7 83154 2-00-06,uren_1@msud.nnov.ru,http://uren1.nnov.msudrf.ru,"Механизаторов ул., д.32 г.Урень, 606800","8.00-17.00, обед 12.00-13.00"
173,Судебный участок мирового судьи № 2 Уренского  судебного района Нижегородской области,Галкина Наталия Вячеславовна,+7 83154 2-00-09,uren_2@msud.nnov.ru,http://uren2.nnov.msudrf.ru,"Механизаторов ул., д.32 г.Урень, 606800","8.00-17.00, обед 12.00-13.00"
174,Судебный участок мирового судьи № 1 Чкаловского судебного района Нижегородской области,Коновалова Елена Михайловна,+7 83160 4-19-30,chkal_1@msud.nnov.ru,http://chkal1.nnov.msudrf.ru,"Лесная ул., д.7 г. Чкаловск, 606541","8.00-17.00, обед 12.00-13.00"
175,Судебный участок мирового судьи № 2 Чкаловского судебного района Нижегородской области,Мошкова Анна Юрьевна,+7 83160 4-29-56,chkal_2@msud.nnov.ru,http://chkal2.nnov.msudrf.ru,"Лесная ул., д.7 г. Чкаловск, 606541","8.00-17.00, обед 12.00-13.00"
176,Судебный участок мирового судьи Шарангского  судебного района Нижегородской области,Пашкевич Денис Эдуардович,+7 83155 2 01 33,sharan_1@msud.nnov.ru,http://shara.nnov.msudrf.ru,"Красноармейская ул., д.1 р.п.Шаранга, 606840","8.00-17.00, обед 12.00-13.00"
177,Судебный участок мирового судьи Шатковского  судебного района Нижегородской области,Мокеева Эльвира Хусияновна,+7 83190 4-17-46,shatki_1@msud.nnov.ru,http://shatki.nnov.msudrf.ru,"Федеративная ул., д.21 р.п.Шатки, 607700","8.00-17.00, обед 12.00-13.00"
178,Судебный участок мирового судьи№ 1 Шахунского судебного района Нижегородской области,Данелин Сергей Артемович,+7 83152 2-71-67,shahun_1@msud.nnov.ru,http://shah1.nnov.msudrf.ru,"Советская ул., д.13 г.Шахунья, 606910","8.00-17.00, обед 12.00-13.00"
179,Судебный участок мирового судьи№ 2 Шахунского судебного района Нижегородской области,Петрачкова Светлана Валерьевна,+7 83152 2-55-76,shahun_2@msud.nnov.ru,http://shah2.nnov.msudrf.ru,"Советская ул., д.13 г.Шахунья, 606910","8.00-17.00, обед 12.00-13.00"
